customer_segment,customers,revenue,avg_recency_days,avg_frequency,avg_monetary_value,churn_risk_rate
Champions,1292,12087432.745,19.726006191950464,17.13003095975232,9355.598099845201,0.0
Loyal Customers,705,1925757.955,84.19432624113475,7.760283687943263,2731.571567375887,0.4
Cannot Lose Them,227,1018866.682,340.6784140969163,8.929515418502202,4488.399480176212,1.0
At Risk,847,956247.591,389.8890200708382,2.8890200708382525,1128.9818075560804,1.0
Potential Loyalists,821,690223.914,62.85261875761267,2.3008526187576126,840.7112228989038,0.23995127892813642
New / Promising,441,394209.85,27.965986394557824,1.4603174603174602,893.8998866213151,0.0
Need Attention,268,342689.05,112.95149253731343,3.1492537313432836,1278.6904850746268,0.5932835820895522
Hibernating / Lost,1277,328001.391,467.353171495693,1.1863743148003132,256.8530861393892,1.0
